iso,full_name,region,subregion,pop,lexp,lat,lon,hdi,gdp,gini,happy,cellphone,water_access,lang
SEN,Senegal,Africa,Western Africa,18.932,70.43,14.366667,-14.283333,0.53,4871,38.1,50.93,66,54.93987,pbp|fra|wol
VEN,"Venezuela, Bolivarian Republic of",Americas,South America,28.517,76.18,8,-67,0.709,8899,44.8,57.65,96.8,95.66913,spa|vsl
FIN,Finland,Europe,Northern Europe,5.623,82.84,65,27,0.948,57574,27.7,76.99,156.4,99.44798,fin|swe
USA,United States of America,Americas,Northern America,347.276,79.83,39.828175,-98.5795,0.938,78389,47.7,65.21,91.7,99.72235,eng
LKA,Sri Lanka,Asia,Southern Asia,23.229,78.51,7,81,0.776,14380,39.3,36.02,83.1,90.77437,sin|sin|tam|tam
DOM,Dominican Republic,Americas,Caribbean,11.52,74.35,18.8,-70.2,0.776,25663,39.6,59.21,90.6,86.1939,spa
SGP,Singapore,Asia,South-eastern Asia,5.871,85.63,1.3,103.8,0.946,137906,,66.54,145.5,100,eng|msa|cmn|tam
GAB,Gabon,Africa,Middle Africa,2.593,68.68,-0.683330555,11.5,0.733,19543,38,51.04,93.6,49.20331,fra
BGR,Bulgaria,Europe,Eastern Europe,6.715,74.33,42.75,25.5,0.845,36211,40.3,55.9,137.1,86.00395,bul
TZA,"Tanzania, United Republic of",Africa,Eastern Africa,70.546,68.59,-6.306944444,34.853888888,0.555,3924,40.5,40.42,46.9,26.78297,eng|swa
ECU,Ecuador,Americas,South America,18.29,77.51,-1,-78,0.777,14443,47.3,58.52,98,88.08773,jiv|spa
AFG,Afghanistan,Asia,Southern Asia,43.844,65.11,33,66,0.496,2093,27.8,14.46,36.1,47.47762,ara|bal|prs|pus|tuk|uzb
MWI,Malawi,Africa,Eastern Africa,22.216,66.2,-13,34,0.517,1689,38.5,32.72,21,38.45707,nya|nya|eng|eng|tum|tum
GHA,Ghana,Africa,Western Africa,35.064,67.41,7.9465,-1.0232,0.628,7404,43.5,42.98,68.4,22.67011,eng
AUT,Austria,Europe,Western Europe,9.114,83.17,48,14,0.93,64665,30.2,66.36,146.3,99.97291,asq|deu
DEU,Germany,Europe,Western Europe,84.075,82.13,51,10,0.959,64355,31.7,67.92,109.4,99.22504,deu
BEN,Benin,Africa,Western Africa,14.814,65.71,8.833333333,2.183333333,0.515,4143,37.8,44.2,72.2,17.38065,fra
ZAF,South Africa,Africa,Southern Africa,64.747,65.95,-29,24,0.741,13889,63.1,50.76,96.2,73.8356,afr|afr|afr|eng|eng|eng|nso|nso|nso|sot|sot|sot|sfs|sfs|sfs|nbl|nbl|nbl|ssw|ssw|ssw|tso|tso|tso|tsn|tsn|tsn|ven|ven|ven|xho|xho|xho|zul|zul|zul
AUS,Australia,Oceania,Australia and New Zealand,26.974,83.79,-25,133,0.958,61943,32.4,70.25,101.6,99.99923,asf
CHN,China,Asia,Eastern Asia,1416.096,78.81,35.844722222,103.451944444,0.797,25505,38.2,61.45,63.6,88.06831,cmn
HND,Honduras,Americas,Central America,11.006,72.93,14.633333,-86.816667,0.645,6863,48.2,58.61,113.6,80.26502,spa
BFA,Burkina Faso,Africa,Western Africa,24.075,62.97,12.266667,-2.066667,0.459,2661,47.3,44.62,35.3,21.77792,bib|dyu|mos
LBY,Libya,Africa,Northern Africa,7.459,77.15,27,17,0.721,14636,,59.7,167.7,92.10514,ara
IND,India,Asia,Southern Asia,1463.866,72.4,22.8,83,0.685,10608,35.7,46.76,60.5,63.83039,eng|hin
LBN,Lebanon,Asia,Western Asia,5.849,77.43,33.833333,35.766667,0.752,10820,31.8,35.88,56.8,96.5614,ara
FRA,France,Europe,Western Europe,66.651,83.77,47,2,0.92,56113,32.4,65.57,91.1,98.65001,fra
CRI,Costa Rica,Americas,Central America,5.153,81.33,10,-84,0.833,28390,49.3,73.84,68.7,97.47361,spa
PSE,"Palestine, State of",Asia,Western Asia,5.59,75.85,32,35.25,0.674,3909,,48.51,64.8,97.20523,ara|ara|ara
BGD,Bangladesh,Asia,Southern Asia,175.687,76.33,24.016666666,89.866666666,0.685,8950,32.4,41.14,44.6,51.82404,ben
KWT,Kuwait,Asia,Western Asia,5.026,82.62,29.166667,47.6,0.852,46572,,71.3,135.2,100,ara
SVK,Slovakia,Europe,Eastern Europe,5.475,78.58,49,20,0.88,41978,23.2,62.61,109.9,97.5324,slk
POL,Poland,Europe,Eastern Europe,38.141,79.1,52,19,0.906,47892,30.2,66.85,123.2,98.79661,pol
SAU,Saudi Arabia,Asia,Western Asia,34.566,75.66,23.716667,44.116667,0.9,64966,,69.53,205,95.30723,ara
KHM,Cambodia,Asia,South-eastern Asia,17.848,71.02,12.5,105,0.606,7412,,42.21,56.2,60.41786,khm
BRA,Brazil,Americas,South America,212.812,77.09,-14,-53,0.786,20500,48.9,65.53,101.7,87.67796,por
CHE,Switzerland,Europe,Western Europe,8.967,84.85,46.798562,8.231973,0.97,84311,33.1,69.69,123.2,99.89987,fra|deu|ita|roh
PHL,Philippines,Asia,South-eastern Asia,116.787,72.47,12,123,0.72,11117,42.3,61.84,86.3,78.93576,eng|fil
LVA,Latvia,Europe,Northern Europe,1.854,76.67,57,25,0.889,40852,34.5,62.96,109.9,92.39536,lav
MDA,"Moldova, Republic of",Europe,Eastern Europe,2.996,75.22,47.25,28.516667,0.785,17489,26,58.01,70.2,81.60916,ron
PAN,Panama,Americas,Central America,4.571,81.17,8.616667,-80.366667,0.839,38412,49.8,65.43,183.2,81.0103,spa
IRQ,Iraq,Asia,Western Asia,47.021,73.98,33,43,0.695,12554,29.5,54.75,74.9,95.45492,ara|kur
ITA,Italy,Europe,Southern Europe,59.146,84.04,42.5,12.5,0.915,54774,35.2,62.45,155.7,99.88534,ita
TUN,Tunisia,Africa,Northern Africa,12.349,79.15,34,10,0.746,13136,36.1,45.05,103.2,94.2525,ara
IDN,Indonesia,Asia,South-eastern Asia,285.721,72.25,-2,118,0.728,15391,37.9,56.95,85.8,77.51606,ind
MDG,Madagascar,Africa,Eastern Africa,32.741,67.03,-20,47,0.487,1720,42.6,44.33,34.8,12.1276,fra|mlg
SRB,Serbia,Europe,Southern Europe,6.689,76.66,43.95,20.933333333,0.833,28758,31.9,64.41,136,97.67283,srp
BEL,Belgium,Europe,Western Europe,11.759,82.33,50.641111111,4.668055555,0.951,65096,27.2,69.44,111.1,99.48618,nld|fra|deu
HUN,Hungary,Europe,Eastern Europe,9.632,77.57,47,19,0.87,42499,30,59.65,120.4,97.99088,hun
TUR,Türkiye,Asia,Western Asia,87.685,79.66,39,36,0.853,36993,41.9,54.63,84.2,97.586,tur
TGO,Togo,Africa,Western Africa,9.722,66.47,8.25,1.183333,0.571,3008,42.4,43.65,38.7,17.19931,fra
BHR,Bahrain,Asia,Western Asia,1.643,77.98,26.0675,50.551111,0.899,60839,,59.59,129.2,100,ara
SLE,Sierra Leone,Africa,Western Africa,8.82,63.01,8.5,-12.1,0.467,3256,35.7,34.67,32.1,18.33386,eng|kri
PER,Peru,Americas,South America,34.577,81.49,-9.4,-76,0.794,16371,43.8,59.36,100.1,75.52734,aym|que|spa
KGZ,Kyrgyzstan,Asia,Central Asia,7.295,74.36,41,75,0.72,7567,29,59.1,96.1,97.54907,kir
EST,Estonia,Europe,Northern Europe,1.344,79.01,59,26,0.905,42892,30.8,64.3,124.1,99.06799,est
KAZ,Kazakhstan,Asia,Central Asia,20.844,72.65,48,68,0.837,38238,27.8,62.99,115.2,97.8737,kaz
ARE,United Arab Emirates,Asia,Western Asia,11.346,74.94,24.4,54.3,0.94,72660,26,67.28,157.5,99.10363,ara
MLI,Mali,Africa,Western Africa,25.199,63.28,17,-4,0.419,3038,36.1,43.7,46.7,41.2864,bam|ful|mey|kao|myq|myk|snk|taq
ISR,Israel,Asia,Western Asia,9.517,83.86,31,35,0.919,49539,38.6,67.83,124.2,99.95453,heb
MMR,Myanmar,Asia,South-eastern Asia,54.851,70.76,22,96,0.609,5494,30.7,43.91,1.2,72.21442,mya
TCD,Chad,Africa,Middle Africa,21.004,61.58,15.466667,19.4,0.416,2646,37.5,45.44,23.4,11.82919,ara|fra
AZE,Azerbaijan,Asia,Western Asia,10.398,71.73,40.3,47.7,0.789,23178,26.6,52.14,99.5,96.12412,aze
MRT,Mauritania,Africa,Western Africa,5.315,72.25,21,-11,0.563,6710,32.6,42.92,81.9,45.53805,ara
CIV,Côte d'Ivoire,Africa,Western Africa,32.712,65.53,8,-6,0.582,7143,37.2,53.37,69.4,33.11574,fra
NIC,Nicaragua,Americas,Central America,7.008,76.51,13,-85,0.706,8023,46.2,63.62,69.1,72.87482,spa
NOR,Norway,Europe,Northern Europe,5.623,83.78,65,11,0.97,94896,27.7,72.49,114.5,98.05439,nob|nor|nno
SWE,Sweden,Europe,Northern Europe,10.657,83.72,61,15,0.959,65597,29.3,71.61,117.2,98.93238,swe
KEN,Kenya,Africa,Eastern Africa,57.532,67.98,0.1,38,0.628,6159,40.8,44.96,60,34.4882,eng|swa
CZE,Czechia,Europe,Eastern Europe,10.609,80.33,50,15,0.915,50180,25.3,68.27,123.6,99.13755,ces
SVN,Slovenia,Europe,Southern Europe,2.117,82.45,46,15,0.931,50559,24.4,67.46,103.8,98.52463,slv
UGA,Uganda,Africa,Eastern Africa,51.385,67.55,1.28,32.39,0.582,3048,42.7,44.67,39.6,19.99878,eng|swa
RUS,Russian Federation,Europe,Eastern Europe,143.997,73.89,66.416666666,94.25,0.832,40871,36,58.65,165.1,88.24222,rus
URY,Uruguay,Americas,South America,3.385,78.5,-33,-56,0.862,33758,40.2,66.62,133.7,97.19215,spa
COM,Comoros,Africa,Eastern Africa,0.883,70.26,-12.3,43.7,0.603,3718,45.3,35.88,25.2,35.85662,ara|fra
ZWE,Zimbabwe,Africa,Eastern Africa,16.951,61.97,-19,30,0.598,3676,50.3,35.72,57.6,36.94167,bwg|nya|eng|kck|nmq|ndc|nde|sot|sna|toi|tso|tsn|ven|xho|zib
BOL,"Bolivia, Plurinational State of",Americas,South America,12.582,73.47,-17.056869611,-64.991228611,0.733,10090,43.6,58.6,70.5,60.18194,aym|aym|grn|grn|que|que|spa|spa
UZB,Uzbekistan,Asia,Central Asia,37.053,69.07,41,66,0.74,11127,35.3,63.85,73.8,95.69356,uzb
MKD,North Macedonia,Europe,Southern Europe,1.814,75.3,41.65,21.716667,0.815,26049,33,54.03,105,96.71744,sqi|mkd
BIH,Bosnia and Herzegovina,Europe,Southern Europe,3.14,77.91,44,18,0.804,21621,33,60.09,81.6,95.36024,bos|hrv|srp
IRN,"Iran, Islamic Republic of",Asia,Southern Asia,92.418,79.07,32,53,0.799,16540,40.9,50.04,69.8,89.31666,fas
GTM,Guatemala,Americas,Central America,18.688,73.63,15.5,-90.25,0.662,13329,48.3,64.21,124.6,67.648929999999993,spa
PRT,Portugal,Europe,Southern Europe,10.412,82.79,38.7,-9.183333333,0.89,43664,32.8,59.54,115.4,99.52031,mwl|por
COL,Colombia,Americas,South America,53.426,81.37,4,-73.25,0.788,19302,54.2,59.04,99.3,90.42258,spa
DNK,Denmark,Europe,Northern Europe,6.003,82.02,56,10,0.962,77337,27.7,75.04,115.7,99.59723,dan
JPN,Japan,Asia,Eastern Asia,123.103,85.58,35,136,0.925,47815,32.9,59.1,96.2,99.95242,jpn
ISL,Iceland,Europe,Northern Europe,0.398,84.92,65,-19,0.972,67444,26.1,75.62,107.2,98.78217,isl
COG,Congo,Africa,Middle Africa,6.484,66.38,-0.75,15.383330555,0.649,6377,48.9,49.54,83.3,20.17288,fra
BWA,Botswana,Africa,Southern Africa,2.562,63.08,-22.2,23.7,0.731,18189,53.3,33.32,116.2,77.26922,eng
GRC,Greece,Europe,Southern Europe,9.939,82.07,38.5,23,0.908,39621,33.1,57.96,110.5,98.98319,ell
ESP,Spain,Europe,Southern Europe,47.89,83.87,40.2,-3.5,0.918,50242,34.3,64.56,109.7,99.91984,spa
JOR,Jordan,Asia,Western Asia,11.521,79.2,31.2,36.5,0.754,9977,33.7,42.92,90.7,97.39147,ara
NZL,New Zealand,Oceania,Australia and New Zealand,5.252,82.65,-41.2,174,0.938,49598,,69.76,108.3,100,eng|mri|nzs
KOR,"Korea, Republic of",Asia,Eastern Asia,51.667,83.63,36,128,0.937,54667,31.4,61.12,104.1,99.87883,kor|kvk
GBR,United Kingdom of Great Britain and Northern Ireland,Europe,Northern Europe,69.551,81.93,54.6,-2,0.946,53993,32.8,66.58,121.8,99.1103,eng
MLT,Malta,Europe,Southern Europe,0.545,83.48,35.883333333,14.5,0.924,63314,31,62.95,107.8,99.96455,eng|mlt
NER,Niger,Africa,Western Africa,27.918,64.09,17,10,0.419,1870,37.3,46.09,22.2,13.81057,hau
COD,"Congo, Democratic Republic of the",Africa,Middle Africa,112.832,66.25,-2.88,23.656111111,0.522,1566,42.1,33.83,17.2,17.04284,fra
HRV,Croatia,Europe,Southern Europe,3.848,79.65,45.25,15.466667,0.889,45156,28.9,59.58,114.6,96.13095,hrv
ZMB,Zambia,Africa,Eastern Africa,21.914,64.26,-14,28,0.595,3944,57.1,36.86,39,33.97176,eng
NGA,Nigeria,Africa,Western Africa,237.528,66.07,9,8,0.56,5848,35.1,48.69,52.4,41.19972,eng
NLD,"Netherlands, Kingdom of the",Europe,Western Europe,18.347,82.55,52.366666666,4.883333333,0.955,73384,,72.55,114.4,97.71353,nld
NAM,Namibia,Africa,Southern Africa,3.093,66.49,-23,17,0.665,10740,59.1,50.55,92.4,34.43011,eng
YEM,Yemen,Asia,Western Asia,41.774,69.27,15.5,48,0.47,1722,35.9,35.32,41.4,52.61741,ara|ara
LAO,Lao People's Democratic Republic,Asia,South-eastern Asia,7.873,70.65,18.2,104.1,0.617,8944,38.8,54.86,63.2,74.37984,lao
GEO,Georgia,Asia,Western Asia,3.807,74.47,42,44,0.844,27205,34.5,53.51,102.1,86.75321,abk|kat
GIN,Guinea,Africa,Western Africa,15.1,62.46,10,-11,0.5,4321,29.6,48.27,38.5,25.27932,fra
MUS,Mauritius,Africa,Eastern Africa,1.268,76.35,-20.2,57.5,0.806,28927,36.8,57.59,92.8,95.45876,eng|fra
NPL,Nepal,Asia,Southern Asia,29.618,72.9,28,84,0.622,5330,32.8,53.89,33.6,65.59537,nep
MOZ,Mozambique,Africa,Eastern Africa,35.632,60.06,-19,35,0.493,1531,54,57.04,31.4,30.56033,por
IRL,Ireland,Europe,Northern Europe,5.308,82.94,53,-8,0.949,119406,,68.17,103.1,89.3966,eng|gle
ARM,Armenia,Asia,Western Asia,2.952,76.87,40.383333,44.95,0.811,21539,25.2,56.79,131.9,93.46773,hye
PRY,Paraguay,Americas,South America,7.013,77.36,-23.5,-58,0.756,17154,43.5,62.14,103.2,89.64469,grn|spa
EGY,Egypt,Africa,Northern Africa,118.366,71.97,27,29,0.754,17541,31.5,38.81,79.2,96.56299,ara
ETH,Ethiopia,Africa,Eastern Africa,135.472,70.68,9,40,0.497,3107,35,40.93,7.6,8.04716,amh
UKR,Ukraine,Europe,Eastern Europe,38.98,74.89,49,32,0.779,15014,25.6,46.72,117.8,97.58724,ukr
CMR,Cameroon,Africa,Middle Africa,29.879,64.52,5.133333333,12.65,0.588,5107,46.6,49.46,43.9,41.90133,eng|fra
LBR,Liberia,Africa,Western Africa,5.731,67.61,6.533333,-9.75,0.51,1752,35.3,44.94,38.7,19.63094,eng
ROU,Romania,Europe,Eastern Europe,18.909,76.49,46,25,0.845,42605,34.8,64.89,119.2,84.84359,ron
MAR,Morocco,Africa,Northern Africa,38.431,74.71,32,-6,0.71,9583,39.5,44.87,98.5,84.47591,ara|zgh
MNG,Mongolia,Asia,Eastern Asia,3.517,69.64,46,105,0.747,18092,32.7,55.8,92.9,65.25597,mon
LUX,Luxembourg,Europe,Western Europe,0.68,83.82,49.77,6.13,0.922,131038,34.9,70.16,143.3,97.60054,fra|deu|ltz
LTU,Lithuania,Europe,Northern Europe,2.83,77.19,55.2,24,0.895,49761,35.3,65.53,157.9,92.73568,lit
VNM,Viet Nam,Asia,South-eastern Asia,101.599,75.44,16,108,0.766,15429,35.7,63.25,127.6,82.88576,vie
MNE,Montenegro,Europe,Southern Europe,0.633,76.92,42.766667,19.216667,0.862,29492,29.4,58.13,185.1,96.657,cnr|cnr
MEX,Mexico,Americas,Central America,131.947,76.88,23,-102,0.789,22375,45.4,70.06,80.4,89.53789,spa|yua
CAN,Canada,Americas,Northern America,40.127,83.15,56,-109,0.939,58422,33.3,68.41,75.5,98.92568,eng|fra
TJK,Tajikistan,Asia,Central Asia,10.787,70.4,38.583333,71.366667,0.691,5122,34,53.79,77.6,96.05746,tgk
CHL,Chile,Americas,South America,19.86,81.39,-33,-71,0.878,31425,44.9,62.3,115.5,100,spa
THA,Thailand,Asia,South-eastern Asia,71.62,79.78,14,101,0.798,22696,35,62.82,104.6,97.79091,tha
GMB,Gambia,Africa,Western Africa,2.822,68.16,13.5,-15.5,0.524,3199,,46.91,76.7,46.90722,eng
ALB,Albania,Europe,Southern Europe,2.772,79.67,41,20,0.81,20362,30.8,54.45,91.9,98.5473,sqi
MYS,Malaysia,Asia,South-eastern Asia,35.978,76.03,3.7805111,102.314361666,0.819,35990,46.2,58.68,118.2,95.69194,msa
SLV,El Salvador,Americas,Central America,6.366,76.98,13.668889,-88.866111,0.678,12221,38.3,64.82,126.9,86.19786,spa
CYP,Cyprus,Asia,Western Asia,1.371,81.77,35,33,0.913,55720,31.2,60.71,123.1,99.41781,ell|tur
PAK,Pakistan,Asia,Southern Asia,255.22,66.71,30,71,0.544,5717,29.6,45.49,49.8,61.92651,eng|urd
